molecules,SMILES,plant,Dataset_Name,Cluster
"cis-Muurola-4(14),5-diene",C=C1CC[C@@H]2C(=C1)[C@H](CC[C@H]2C)C(C)C,Premna serratifolia,A4,0
alpha-Calacorene,CC([C@@H]1CC=C(c2c1cc(C)cc2)C)C,Gmelina arborea,A5,0
(+)-beta-Phellandrene,CC([C@@H]1CCC(=C)C=C1)C,Aegle marmelos,A2,0
Calamenene,CC([C@@H]1CC[C@@H](c2c1cc(C)cc2)C)C,Premna serratifolia,A4,0
"3-(1,5-Dimethyl-4-hexenyl)-6-methylene-1-cyclohexene",CC(C1CCC(=C)C=C1)CCC=C(C)C,Premna serratifolia,A4,0
(+)-alpha-Phellandrene,CC1=CC[C@H](C=C1)C(C)C,Aegle marmelos,A2,0
alpha-Phellandrene,CC1=CCC(C=C1)C(C)C,Aegle marmelos,A2,0
Piperitone,CC1=CC(=O)C(CC1)C(C)C,Aegle marmelos,A2,0
"(S,1Z,6Z)-8-Isopropyl-1-methyl-5-methylenecyclodeca-1,6-diene",C/C/1=C/CCC(=C)/C=C[C@@H](CC1)C(C)C,Premna serratifolia,A4,0
(+)-gamma-Gurjunene,C[C@@H]1CC[C@H]2C1=C[C@@H](CC[C@H]2C)C(=C)C,Aegle marmelos,A2,0
Aegelinol,O=c1ccc2c(o1)cc1c(c2)CC(C(O1)(C)C)O,Aegle marmelos,A2,1
Marmin,C/C(=CCOc1ccc2c(c1)oc(=O)cc2)/CC[C@H](C(O)(C)C)O,Aegle marmelos,A2,1
Umbelliferone,Oc1ccc2c(c1)oc(=O)cc2,Gmelina arborea,A5,1
Coumarin,O=c1ccc2c(o1)cccc2,Aegle marmelos,A2,1
Auraptene,C/C(=CCOc1ccc2c(c1)oc(=O)cc2)/CCC=C(C)C,Aegle marmelos,A2,1
Scopoletin,COc1cc2ccc(=O)oc2cc1O,Solanum virginianum,A7,1
Psoralen,O=c1ccc2c(o1)cc1c(c2)cco1,Aegle marmelos,A2,1
Scoparone,COc1cc2oc(=O)ccc2cc1OC,Aegle marmelos,A2,1
Esculin,OC[C@H]1O[C@@H](Oc2cc3ccc(=O)oc3cc2O)[C@@H]([C@H]([C@@H]1O)O)O,Solanum virginianum,A7,1
Esculetin,O=c1ccc2c(o1)cc(c(c2)O)O,Solanum virginianum,A7,1
Marmesin,O=c1ccc2c(o1)cc1c(c2)C[C@H](O1)C(O)(C)C,Aegle marmelos,A2,1
Scopolin,OC[C@H]1O[C@@H](Oc2cc3oc(=O)ccc3cc2OC)[C@@H]([C@H]([C@@H]1O)O)O,Solanum virginianum,A7,1
Skimmin,OC[C@H]1O[C@@H](Oc2ccc3c(c2)oc(=O)cc3)[C@@H]([C@H]([C@@H]1O)O)O,Aegle marmelos,A2,1
Ammijin,OC[C@H]1O[C@@H](OC([C@H]2Oc3c(C2)cc2c(c3)oc(=O)cc2)(C)C)[C@@H]([C@H]([C@@H]1O)O)O,Aegle marmelos,A2,1
Ellagic acid,Oc1cc2c(=O)oc3c4c2c(c1O)oc(=O)c4cc(c3O)O,Oroxylum indicum,A1,1
"1- Butanol, 3-Methyl- formate",CC(C)CCOC=O,Pseudarthria viscida,A10,2
p-Cymene,Cc1ccc(cc1)C(C)C,Aegle marmelos,A2,2
Carvacrol,CC(c1ccc(c(c1)O)C)C,Premna serratifolia,A4,2
Histamine,NCCc1cnc[nH]1,Solanum virginianum,A7,2
"1,3-di-iso-propylnaphthalene",CC(C)C1=CC2=CC=CC=C2C(=C1)C(C)C,Pseudarthria viscida,A10,2
4-Isopropylbenzyl alcohol,OCc1ccc(cc1)C(C)C,Aegle marmelos,A2,2
4-Isopropylbenzaldehyde,O=Cc1ccc(cc1)C(C)C,Aegle marmelos,A2,2
2-(4-Methylphenyl)propan-2-ol,Cc1ccc(cc1)C(O)(C)C,Aegle marmelos,A2,2
"2,4-Di-tert-butylphenol",CC(C)(C)C1=CC(=C(C=C1)O)C(C)(C)C,Pseudarthria viscida,A10,2
Methyl protodioscin,OCC1OC(OC2CCC3(C(=CCC4C3CCC3(C4CC4C3C(C)C(O4)(OC)CCC(COC3OC(CO)C(C(C3O)O)O)C)C)C2)C)C(C(C1OC1OC(C)C(C(C1O)O)O)O)OC1OC(C)C(C(C1O)O)O,Solanum indicum,A8,3
Protogracillin,OC[C@H]1O[C@@H](O[C@H]2CC[C@]3(C(=CC[C@@H]4[C@@H]3CC[C@]3([C@H]4C[C@H]4[C@@H]3[C@H](C)[C@@](O4)(O)CC[C@H](CO[C@@H]3O[C@H](CO)[C@H]([C@@H]([C@H]3O)O)O)C)C)C2)C)[C@@H]([C@H]([C@@H]1O)O[C@@H]1O[C@H](CO)[C@H]([C@@H]([C@H]1O)O)O)O[C@@H]1O[C@@H](C)[C@@H]([C@H]([C@H]1O)O)O,Tribulus terrestris,A9,3
Solasurine,C[C@@H]1CC[C@@]2(NC1)O[C@@H]1[C@H]([C@@H]2C)[C@@]2([C@@H](C1)[C@@H]1CC=C3[C@]([C@H]1CC2)(C)CC[C@@H](C3)O[C@@H]1O[C@@H](C)[C@@H]([C@H]([C@H]1O)OC[C@H]1O[C@@H](O)[C@@H]([C@H]([C@@H]1O)O)O)O)C,Solanum virginianum,A7,3
Disogluside,OC[C@H]1O[C@@H](O[C@H]2CC[C@]3(C(=CC[C@@H]4[C@@H]3CC[C@]3([C@H]4C[C@H]4[C@@H]3[C@H](C)[C@]3(O4)CC[C@H](CO3)C)C)C2)C)[C@@H]([C@H]([C@@H]1O)O)O,Tribulus terrestris,A9,3
Solamargine,OC[C@H]1O[C@@H](O[C@H]2CC[C@]3(C(=CC[C@@H]4[C@@H]3CC[C@]3([C@H]4C[C@H]4[C@@H]3[C@H](C)[C@]3(O4)CC[C@H](CN3)C)C)C2)C)[C@@H]([C@H]([C@@H]1O[C@@H]1O[C@@H](C)[C@@H]([C@H]([C@H]1O)O)O)O)O[C@@H]1O[C@@H](C)[C@@H]([C@H]([C@H]1O)O)O,Solanum virginianum,A7,3
Solanine,OC[C@H]1O[C@@H](O[C@H]2CC[C@]3(C(=CC[C@@H]4[C@@H]3CC[C@]3([C@H]4C[C@H]4[C@@H]3[C@H](C)[C@H]3N4C[C@H](CC3)C)C)C2)C)[C@@H]([C@H]([C@H]1O)O[C@@H]1O[C@H](CO)[C@H]([C@@H]([C@H]1O)O)O)O[C@@H]1O[C@@H](C)[C@@H]([C@H]([C@H]1O)O)O,Solanum indicum,A8,3
Prototribestin,OC[C@H]1O[C@@H]([C@H]2CC[C@]3(C(=CC[C@@H]4[C@@H]3CC[C@]3([C@H]4CC4[C@@H]3[C@H](C)[C@@](O4)(O)CC[C@@H](CO[C@@H]3O[C@H](CO)[C@H]([C@@H]([C@H]3O)O)O)C)C)C2)C)[C@@H]([C@H]([C@@H]1OS(=O)(=O)[O-])O)O[C@@H]1O[C@@H](C)[C@@H]([C@H]([C@H]1O)O)O.[Na+],Tribulus terrestris,A9,3
Solasonine,OC[C@H]1O[C@@H](O[C@H]2CC[C@]3(C(=CC[C@@H]4[C@@H]3CC[C@]3([C@H]4C[C@H]4[C@@H]3[C@H](C)[C@]3(O4)CC[C@H](CN3)C)C)C2)C)[C@@H]([C@H]([C@H]1O)O[C@@H]1O[C@H](CO)[C@H]([C@@H]([C@H]1O)O)O)O[C@@H]1O[C@@H](C)[C@@H]([C@H]([C@H]1O)O)O,Solanum indicum,A8,3
Gracillin,OC[C@H]1O[C@@H](O[C@H]2CC[C@]3(C(=CC[C@@H]4[C@@H]3CC[C@]3([C@H]4C[C@H]4[C@@H]3[C@H](C)[C@]3(O4)CC[C@H](CO3)C)C)C2)C)[C@@H]([C@H]([C@@H]1O)O[C@@H]1O[C@H](CO)[C@H]([C@@H]([C@H]1O)O)O)O[C@@H]1O[C@@H](C)[C@@H]([C@H]([C@H]1O)O)O,Tribulus terrestris,A9,3
Khasianine,OC[C@H]1O[C@@H](O[C@H]2CC[C@]3(C(=CC[C@@H]4[C@@H]3CC[C@]3([C@H]4C[C@H]4[C@@H]3[C@H](C)[C@]3(O4)CC[C@H](CN3)C)C)C2)C)[C@@H]([C@H]([C@@H]1O[C@@H]1O[C@@H](C)[C@@H]([C@H]([C@H]1O)O)O)O)O,Solanum indicum,A8,3
Dioscin,OC[C@H]1O[C@@H](O[C@H]2CC[C@]3(C(=CC[C@@H]4[C@@H]3CC[C@]3([C@H]4C[C@H]4[C@@H]3[C@H](C)[C@]3(O4)CC[C@H](CO3)C)C)C2)C)[C@@H]([C@H]([C@@H]1O[C@@H]1O[C@@H](C)[C@@H]([C@H]([C@H]1O)O)O)O)O[C@@H]1O[C@@H](C)[C@@H]([C@H]([C@H]1O)O)O,Tribulus terrestris,A9,3
Protodioscin,OC[C@H]1O[C@@H](O[C@H]2CC[C@]3(C(=CC[C@@H]4[C@@H]3CC[C@]3([C@H]4C[C@H]4[C@@H]3[C@H](C)[C@@](O4)(O)CC[C@H](CO[C@@H]3O[C@H](CO)[C@H]([C@@H]([C@H]3O)O)O)C)C)C2)C)[C@@H]([C@H]([C@@H]1O[C@@H]1O[C@@H](C)[C@@H]([C@H]([C@H]1O)O)O)O)O[C@@H]1O[C@@H](C)[C@@H]([C@H]([C@H]1O)O)O,Tribulus terrestris,A9,3
Indioside A,OC[C@H]1O[C@@H](O[C@H]2CC[C@]3(C(=CC[C@@H]4[C@@H]3CC[C@]3([C@H]4C[C@H]4[C@@H]3[C@H](C)[C@@]3(O4)O[C@@H](O)[C@@H](C[C@@H]3O)C)C)C2)C)[C@@H]([C@H]([C@@H]1O)O[C@@H]1OC[C@H]([C@@H]([C@H]1O)O)O)O[C@@H]1O[C@@H](C)[C@@H]([C@H]([C@H]1O)O)O,Solanum indicum,A8,3
Ethyl octanoate,CCCCCCCC(=O)OCC,Gmelina arborea,A5,4
(Z)-3-Hexenyl octanoate,CCCCCCCC(=O)OCC/C=CCC,Gmelina arborea,A5,4
cis-3-Hexenyl hexanoate,CCCCCC(=O)OCC/C=CCC,Gmelina arborea,A5,4
Butyl butyrate,CCCCOC(=O)CCC,Gmelina arborea,A5,4
Ethyl octadec-9-enoate,CCCCCCCCC=CCCCCCCCC(=O)OCC,Gmelina arborea,A5,4
Ethyl palmitate,CCCCCCCCCCCCCCCC(=O)OCC,Gmelina arborea,A5,4
Lignan,CCOC(=O)C1C(C)C(=O)c2c(C1c1cc(OC)c(c(c1)OC)OC)cc(c(c2)OC)OC,Gmelina arborea,A5,4
Ethyl tetradecanoate,CCCCCCCCCCCCCC(=O)OCC,Gmelina arborea,A5,4
Ethyl hexanoate,CCCCCC(=O)OCC,Gmelina arborea,A5,4
"Hexanoic acid, ethyl ester",CCCCCC(=O)OCC,Pseudarthria viscida,A10,4
"Decanoic acid, ethyl ester",CCCCCCCCCC(=O)OCC,Pseudarthria viscida,A10,4
Hexyl butyrate,CCCCCCOC(=O)CCC,Gmelina arborea,A5,4
Ethyl butyrate,CCCC(=O)OCC,Gmelina arborea,A5,4
"Hexadecanoicacid, ethyl ester",CCCCCCCCCCCCCCCC(=O)OCC,Pseudarthria viscida,A10,4
1-Monolinoleoglycerol trimethyl siliyl ether,CCCCCCCCC=CCCCCCCCC(=O)OCC(CO[Si](C)(C)C)O[Si](C)(C)C,Pseudarthria viscida,A10,4
Cycloartenol,CC(=CCC[C@H]([C@H]1CC[C@@]2([C@]1(C)CC[C@@]13[C@H]2CC[C@@H]2[C@]3(C1)CC[C@@H](C2(C)C)O)C)C)C,Solanum virginianum,A7,5
Cycloartanol,CC(CCC[C@H]([C@H]1CC[C@@]2([C@]1(C)CC[C@@]13[C@H]2CC[C@@H]2[C@]3(C1)CC[C@@H](C2(C)C)O)C)C)C,Solanum virginianum,A7,5
Lupeol,CC(=C)[C@@H]1CC[C@]2([C@H]1[C@H]1CC[C@H]3[C@@]([C@]1(C)CC2)(C)CC[C@@H]1[C@]3(C)CC[C@@H](C1(C)C)O)C,Aegle marmelos,A2,5
Betulin,OC[C@@]12CC[C@H]([C@@H]2[C@@H]2[C@](CC1)(C)[C@]1(C)CC[C@@H]3[C@]([C@H]1CC2)(C)CC[C@@H](C3(C)C)O)C(=C)C,Gmelina arborea,A5,5
4-Methoxyphenethyl alcohol,COC1=CC=C(C=C1)CCO,Premna serratifolia,A4,6
4-Vinylphenol,C=Cc1ccc(cc1)O,Premna serratifolia,A4,6
4-Hydroxycinnamic acid,OC(=O)/C=C/c1ccc(cc1)O,Gmelina arborea,A5,6
Methyl 4-methoxycinnamate,COC(=O)/C=C/c1ccc(cc1)OC,Gmelina arborea,A5,6
Candicine,Oc1ccc(cc1)CC[N+](C)(C)C,Desmodium gangeticum,A6,6
N-Methyltyramine,CNCCc1ccc(cc1)O,Desmodium gangeticum,A6,6
4-Methoxybenzyl alcohol,OCc1ccc(cc1)OC,Premna serratifolia,A4,6
Caffeic acid,OC(=O)/C=C/c1ccc(c(c1)O)O,Solanum virginianum,A7,6
Hordenine,CN(CCc1ccc(cc1)O)C,Desmodium gangeticum,A6,6
Hispidulin,COc1c(O)cc2c(c1O)c(=O)cc(o2)c1ccc(cc1)O,Oroxylum indicum,A1,7
Oroxylin A,COc1c(O)cc2c(c1O)c(=O)cc(o2)c1ccccc1,Oroxylum indicum,A1,7
Nepetin,COc1c(O)cc2c(c1O)c(=O)cc(o2)c1ccc(c(c1)O)O,Oroxylum indicum,A1,7
6-Hydroxyluteolin,Oc1ccc(cc1O)c1cc(=O)c2c(o1)cc(c(c2O)O)O,Oroxylum indicum,A1,7
Chrysin,Oc1cc(O)c2c(c1)oc(cc2=O)c1ccccc1,Oroxylum indicum,A1,7
Baicalein,Oc1cc2oc(cc(=O)c2c(c1O)O)c1ccccc1,Oroxylum indicum,A1,7
Apigenin,Oc1ccc(cc1)c1cc(=O)c2c(o1)cc(cc2O)O,Solanum virginianum,A7,7
Luteolin,Oc1cc(O)c2c(c1)oc(cc2=O)c1ccc(c(c1)O)O,Gmelina arborea,A5,7
"Apigenin 7,4'-dimethyl ether",COc1ccc(cc1)c1cc(=O)c2c(o1)cc(cc2O)OC,Oroxylum indicum,A1,7
Scutellarein,Oc1ccc(cc1)c1cc(=O)c2c(o1)cc(c(c2O)O)O,Stereospermum chelonoides,A3,7
"5,7-Dihydroxy-2-phenyl-6-[3,4,5-trihydroxy-6-(hydroxymethyl)oxan-2-yl]oxychromen-4-one",C1=CC(=C(C=C1C2=CC(=O)C3=C(O2)C=C(C(=C3O)C4C(C(C(C(O4)CO)O)O)O)O)O)O,Oroxylum indicum,A1,7
Docosanol,CCCCCCCCCCCCCCCCCCCCCCO,Gmelina arborea,A5,8
1-Heptanol,CCCCCCCO,Gmelina arborea,A5,8
1-Heptadecanol,CCCCCCCCCCCCCCCCCO,Desmodium gangeticum,A6,8
Nonan-1-ol,CCCCCCCCCO,Gmelina arborea,A5,8
1-Dodecanol,CCCCCCCCCCCCO,Gmelina arborea,A5,8
1-Heptatriacotanol,CCCCCCCCCCCCCCCCCCCCCCCCCCCCCCCO,Pseudarthria viscida,A10,8
1-Octacosanol,CCCCCCCCCCCCCCCCCCCCCCCCCCCCO,Gmelina arborea,A5,8
1-Tritriacontanol,CCCCCCCCCCCCCCCCCCCCCCCCCCCCCCCCCO,Desmodium gangeticum,A6,8
1-Triacontanol,CCCCCCCCCCCCCCCCCCCCCCCCCCCCCCO,Stereospermum chelonoides,A3,8
1-Hexadecanol,CCCCCCCCCCCCCCCCO,Pseudarthria viscida,A10,8
1-Hentriacontanol,CCCCCCCCCCCCCCCCCCCCCCCCCCCCCCCO,Gmelina arborea,A5,8
1-Octanol,CCCCCCCCO,Gmelina arborea,A5,8
1-Hexanol,CCCCCCO,Gmelina arborea,A5,8
1-Hexacosanol,CCCCCCCCCCCCCCCCCCCCCCCCCCO,Gmelina arborea,A5,8
Phenethyl isovalerate,CC(CC(=O)OCCc1ccccc1)C,Gmelina arborea,A5,9
Ethyl benzoate,CCOC(=O)c1ccccc1,Gmelina arborea,A5,9
Carpesterol,CC[C@@H](C(C)C)C[C@H]([C@H]([C@H]1CC[C@@H]2[C@]1(C)CC[C@H]1C2=CC(=O)[C@@H]2[C@]1(C)CC[C@@H]([C@H]2C)OC(=O)c1ccccc1)C)O,Solanum indicum,A8,9
Benzyl acetate,CC(=O)OCc1ccccc1,Premna serratifolia,A4,9
Butyl benzoate,CCCCOC(=O)c1ccccc1,Premna serratifolia,A4,9
Dehydro-alpha-lapachone,O=C1C2=C(C=CC(O2)(C)C)C(=O)c2c1cccc2,Stereospermum chelonoides,A3,9
8-bromoctyl butyl ester,CCCCOC(=O)C1=CC=CC=C1C(=O)OCCCCCCCCBr,Pseudarthria viscida,A10,9
Dehydrotectol,O=C1/C(=C/2C3=C(OC(C=C3)(C)C)c3c(C2=O)cccc3)/C2=C(c3c1cccc3)OC(C=C2)(C)C,Stereospermum chelonoides,A3,9
cis-3-Hexenyl benzoate,CC/C=CCCOC(=O)c1ccccc1,Gmelina arborea,A5,9
Benzyl benzoate,O=C(c1ccccc1)OCc1ccccc1,Premna serratifolia,A4,9
Phenethyl acetate,CC(=O)OCCc1ccccc1,Premna serratifolia,A4,9
"2,4-Decadienal",CCCCC/C=C/C=C/C=O,Gmelina arborea,A5,10
2-Nonenal,CCCCCC/C=C/C=O,Gmelina arborea,A5,10
2-Undecenal,CCCCCCCC/C=C/C=O,Gmelina arborea,A5,10
2-Octenal,CCCCC/C=C/C=O,Gmelina arborea,A5,10
"(E,Z)-2,4-Decadienal",CCCCC/C=CC=CC=O,Gmelina arborea,A5,10
2-Tetradecenal,CCCCCCCCCCC/C=C/C=O,Gmelina arborea,A5,10
2-Decenal,CCCCCCC/C=C/C=O,Gmelina arborea,A5,10
"trans-2,cis-6-Nonadienal",CC/C=CCC/C=C/C=O,Premna serratifolia,A4,10
Caryophyllene oxide,C=C1CC[C@H]2O[C@@]2(CC[C@@H]2[C@@H]1CC2(C)C)C,Aegle marmelos,A2,11
(E)-2-epi-beta-caryophyllene,C/C/1=CCCC(=C)[C@H]2[C@@H](CC1)C(C2)(C)C,Premna serratifolia,A4,11
beta-Caryophyllene,C/C/1=CCCC(=C)[C@@H]2[C@@H](CC1)C(C2)(C)C,Premna serratifolia,A4,11
Humulene,C/C/1=CCC(C)(C)/C=C/C/C(=C/CC1)/C,Aegle marmelos,A2,11
Bicyclogermacrene,C/C/1=CCC/C(=C/[C@H]2[C@@H](CC1)C2(C)C)/C,Aegle marmelos,A2,11
Himachalol,CC1=C[C@H]2[C@@H](CC1)[C@](C)(O)CCCC2(C)C,Aegle marmelos,A2,11
gamma-Himachalene,CC1=CC2C(CC1)C(=CCCC2(C)C)C,Premna serratifolia,A4,11
Premcoryoside,OC[C@H]1O[C@@H](O[C@@H]2OC=C([C@@H]3[C@H]2[C@@](C)(O)CC3)C(=O)OC[C@H]2O[C@@H](OCCc3ccc(c(c3)O)O)[C@@H]([C@H]([C@@H]2OC(=O)/C=C/c2ccc(c(c2)O)O)O[C@@H]2O[C@@H](C)[C@@H]([C@H]([C@H]2O)O)O)O)[C@@H]([C@H]([C@@H]1O)O)O,Premna serratifolia,A4,12
Martynoside,OC[C@H]1O[C@@H](OCCc2ccc(c(c2)O)OC)[C@@H]([C@H]([C@@H]1OC(=O)/C=C/c1ccc(c(c1)OC)O)O[C@@H]1O[C@@H](C)[C@@H]([C@H]([C@H]1O)O)O)O,Premna serratifolia,A4,12
Tribulusamide B,COc1cc(/C=C/C(=O)NCCc2ccc(cc2)O)cc2c1O[C@H]([C@H]2C(=O)NCC(=O)c1ccc(cc1)O)c1ccc(c(c1)OC)O,Tribulus terrestris,A9,12
Tataramide B,COc1cc(/C=C/C(=O)NCCc2ccc(cc2)O)cc2c1O[C@H]([C@H]2C(=O)NCCc1ccc(cc1)O)c1ccc(c(c1)OC)O,Tribulus terrestris,A9,12
Acteoside,C[C@H]1[C@@H]([C@H]([C@H]([C@@H](O1)O[C@@H]2[C@H]([C@@H](O[C@@H]([C@H]2OC(=O)/C=C/C3=CC(=C(C=C3)O)O)CO)OCCC4=CC(=C(C=C4)O)O)O)O)O)O,Premna serratifolia,A4,12
beta-Sitosterol-beta-D-glucoside,CC[C@@H](C(C)C)CC[C@H]([C@H]1CC[C@@H]2[C@]1(C)CC[C@H]1[C@@H]2CC=C2[C@@]1(C)CC[C@@H](C2)O[C@H]1O[C@H](CO)[C@H]([C@@H]([C@H]1O)O)O)C,Aegle marmelos,A2,13
"4,22-Stigmastadiene-3-one",CCC(C=CC(C)C1CCC2C1(CCC3C2CCC4=CC(=O)CCC34C)C)C(C)C,Pseudarthria viscida,A10,13
Stigmastanol,CC[C@@H](C(C)C)CC[C@H]([C@H]1CC[C@@H]2[C@]1(C)CC[C@H]1[C@H]2CC[C@@H]2[C@]1(C)CC[C@@H](C2)O)C,Gmelina arborea,A5,13
Cholesterol,CC(CCC[C@H]([C@H]1CC[C@@H]2[C@]1(C)CC[C@H]1[C@H]2CC=C2[C@]1(C)CC[C@@H](C2)O)C)C,Solanum virginianum,A7,13
Campesterol,O[C@H]1CC[C@]2(C(=CC[C@@H]3[C@@H]2CC[C@]2([C@H]3CC[C@@H]2[C@@H](CC[C@H](C(C)C)C)C)C)C1)C,Tribulus terrestris,A9,13
Stigmasterol,CC[C@@H](C(C)C)/C=C/[C@H]([C@H]1CC[C@@H]2[C@]1(C)CC[C@H]1[C@H]2CC=C2[C@]1(C)CC[C@@H](C2)O)C,Tribulus terrestris,A9,13
beta-Sitosterol,CC[C@@H](C(C)C)CC[C@H]([C@H]1CC[C@@H]2[C@]1(C)CC[C@H]1[C@H]2CC=C2[C@]1(C)CC[C@@H](C2)O)C,Tribulus terrestris,A9,13
"24-Ethylcholesta-5,22-dien-3beta-ol",CCC(C(C)C)C=C[C@H]([C@H]1CC[C@@H]2[C@]1(C)CC[C@H]1[C@H]2CC=C2[C@]1(C)CC[C@@H](C2)O)C,Desmodium gangeticum,A6,13
Stigmast-5-en-3-ol,CC[C@@H](C(C)C)CC[C@H]([C@H]1CC[C@@H]2[C@]1(C)CC[C@H]1[C@H]2CC=C2[C@]1(C)CCC(C2)O)C,Desmodium gangeticum,A6,13
Daucosterol,CC[C@@H](C(C)C)CC[C@H]([C@H]1CC[C@@H]2[C@]1(C)CC[C@H]1[C@H]2CC=C2[C@]1(C)CC[C@@H](C2)O[C@@H]1O[C@H](CO)[C@H]([C@@H]([C@H]1O)O)O)C,Tribulus terrestris,A9,13
Clionasterol,CC[C@H](C(C)C)CC[C@H]([C@H]1CC[C@@H]2[C@]1(C)CC[C@H]1[C@H]2CC=C2[C@]1(C)CC[C@@H](C2)O)C,Aegle marmelos,A2,13
stigmast-5-en-3beta-yl beta-D-glucopyranoside,CC[C@@H](C(C)C)CC[C@H]([C@H]1CC[C@@H]2[C@]1(C)CC[C@H]1[C@H]2CC=C2[C@]1(C)CC[C@@H](C2)O[C@@H]1OC(CO)[C@H](C(C1O)O)O)C,Solanum virginianum,A7,13
Stigmasteryl glucoside,CC[C@@H](C(C)C)/C=C/[C@H]([C@H]1CC[C@@H]2[C@]1(C)CC[C@H]1[C@H]2CC=C2[C@]1(C)CC[C@@H](C2)O[C@@H]1OC(CO)[C@H](C(C1O)O)O)C,Solanum virginianum,A7,13
"2,3-Pinanediol",OC1CC2CC(C1(C)O)C2(C)C,Aegle marmelos,A2,14
"1,2-15,16-Diepoxyhexadecane",C1OC1CCCCCCCCCCCCC1OC1,Pseudarthria viscida,A10,14
"2-Hydroxy-1,1,10-trimethyl-6,9-epidioxydecalin",CC1(C(CCC2(C13CCC(C2)OO3)C)O)C,Pseudarthria viscida,A10,14
"Oxirane, tetra decyl",CCCCCCCCCCCCCCC1CO1,Pseudarthria viscida,A10,14
Premnenol,O[C@H]1CO[C@H]2[C@]1(C)CC[C@H]1C2=CC[C@@H]2[C@]1(C)CCCC2(C)C,Premna serratifolia,A4,14
N-methyltetrahydroharman,CN1CCC2C(=NC3=CC=CCC23)C1C,Desmodium gangeticum,A6,14
D-Xylose,O[C@@H]1COC([C@@H]([C@H]1O)O)O,Gmelina arborea,A5,14
"3,9-Epoxy-p-menta-1,8(10)-diene",C=C1CCC2C(C1)OCC2=C,Aegle marmelos,A2,14
Eucalyptol,CC12CCC(CC1)C(O2)(C)C,Gmelina arborea,A5,14
"4H-Pyran-4-One,2,3-dihydro-3-5-dihydroxy-6-methyl",CC1=C(C(=O)C(CO1)O)O,Pseudarthria viscida,A10,14
L-Arabinose,O[C@H]1COC([C@@H]([C@H]1O)O)O,Aegle marmelos,A2,14
"Flavanone, 5,7-dihydroxy-6-methoxy-",COc1c(O)cc2c(c1O)C(=O)C[C@H](O2)c1ccccc1,Oroxylum indicum,A1,15
Marmeline,OC(c1ccc(cc1)OCC=C(C)C)CNC(=O)/C=Cc1ccccc1,Aegle marmelos,A2,15
N-[2-Hydroxy-2-(4-hydroxyphenyl)ethyl]cinnamide,O=C(/C=Cc1ccccc1)NCC(c1ccc(cc1)O)O,Aegle marmelos,A2,15
Aegeline,COc1ccc(cc1)C(CNC(=O)/C=C/c1ccccc1)O,Aegle marmelos,A2,15
Halfordinol,Oc1ccc(cc1)c1cnc(o1)c1cccnc1,Aegle marmelos,A2,15
"Pyridine, 3-[5-[4-[(3-methyl-2-butenyl)oxy]phenyl]-2-oxazolyl]-",CC(=CCOc1ccc(cc1)c1cnc(o1)c1cccnc1)C,Aegle marmelos,A2,15
Dihydrobaicalein,O=C1CC(Oc2c1c(O)c(c(c2)O)O)c1ccccc1,Oroxylum indicum,A1,15
Astragaloside,OC[C@H]1O[C@@H](OC[C@H]2O[C@@H](Oc3c(oc4c(c3=O)c(O)cc(c4)O)c3ccc(c(c3)OC)O)[C@@H]([C@H]([C@@H]2O)O)O)[C@@H]([C@H]([C@@H]1O)O)O,Tribulus terrestris,A9,16
Astragalin,OC[C@H]1O[C@@H](Oc2c(oc3c(c2=O)c(O)cc(c3)O)c2ccc(cc2)O)[C@@H]([C@H]([C@@H]1O)O)O,Tribulus terrestris,A9,16
Hyperoside,OC[C@H]1O[C@@H](Oc2c(oc3c(c2=O)c(O)cc(c3)O)c2ccc(c(c2)O)O)[C@@H]([C@H]([C@H]1O)O)O,Tribulus terrestris,A9,16
Tiliroside,O=C(OC[C@H]1O[C@@H](Oc2c(oc3c(c2=O)c(O)cc(c3)O)c2ccc(cc2)O)[C@@H]([C@H]([C@@H]1O)O)O)/C=C/c1ccc(cc1)O,Tribulus terrestris,A9,16
Quercetin 3-gentiobioside-7-glucoside,OCC1O[C@@H](OCC2O[C@@H](Oc3c(oc4c(c3=O)c(O)cc(c4)O[C@@H]3OC(CO)[C@@H]([C@@H](C3O)O)O)c3ccc(c(c3)O)O)C(C([C@@H]2O)O)O)C([C@H]([C@@H]1O)O)O,Tribulus terrestris,A9,16
Isorhamnetin 3-gentiotrioside,OCC1O[C@@H](OCC2O[C@@H](OCC3O[C@@H](Oc4c(oc5c(c4=O)c(O)cc(c5)O)c4ccc(c(c4)OC)O)C(C([C@@H]3O)O)O)C([C@H]([C@@H]2O)O)O)C([C@H]([C@@H]1O)O)O,Tribulus terrestris,A9,16
"2-(3,4-dihydroxyphenyl)-5,7-dihydroxy-3-[(2S,5S)-3,4,5-trihydroxy-6-[[(2R,4S,5S)-3,4,5-trihydroxy-6-(hydroxymethyl)oxan-2-yl]oxymethyl]oxan-2-yl]oxychromen-4-one",OCC1O[C@@H](OCC2O[C@@H](Oc3c(oc4c(c3=O)c(O)cc(c4)O)c3ccc(c(c3)O)O)C(C([C@@H]2O)O)O)C([C@H]([C@@H]1O)O)O,Tribulus terrestris,A9,16
Kaempferol 3-gentiobioside,OC[C@H]1O[C@@H](OC[C@H]2O[C@@H](Oc3c(oc4c(c3=O)c(O)cc(c4)O)c3ccc(cc3)O)[C@@H]([C@H]([C@@H]2O)O)O)[C@@H]([C@H]([C@@H]1O)O)O,Tribulus terrestris,A9,16
Isorhamnetin 3-gentiobioside-7-glucoside,OCC1O[C@@H](OCC2O[C@H](Oc3c(oc4c(c3=O)c(O)cc(c4)O[C@@H]3OC(CO)[C@H]([C@@H](C3O)O)O)c3ccc(c(c3)OC)O)C(C([C@@H]2O)O)O)C([C@H]([C@@H]1O)O)O,Tribulus terrestris,A9,16
Kaempferol 3-gentiobioside-7-glucoside,OCC1O[C@@H](OCC2O[C@@H](Oc3c(oc4c(c3=O)c(O)cc(c4)O[C@@H]3OC(CO)[C@@H]([C@@H](C3O)O)O)c3ccc(cc3)O)C(C([C@H]2O)O)O)C([C@H]([C@@H]1O)O)O,Tribulus terrestris,A9,16
Rutin,Oc1cc(O)c2c(c1)oc(c(c2=O)O[C@@H]1O[C@H](CO[C@@H]2O[C@@H](C)[C@@H]([C@H]([C@H]2O)O)O)[C@H]([C@@H]([C@H]1O)O)O)c1ccc(c(c1)O)O,Tribulus terrestris,A9,16
Nicotiflorin,Oc1ccc(cc1)c1oc2cc(O)cc(c2c(=O)c1O[C@@H]1O[C@H](CO[C@@H]2O[C@@H](C)[C@@H]([C@H]([C@H]2O)O)O)[C@H]([C@@H]([C@H]1O)O)O)O,Tribulus terrestris,A9,16
Isoquercitrin,OC[C@H]1O[C@@H](Oc2c(oc3c(c2=O)c(O)cc(c3)O)c2ccc(c(c2)O)O)[C@@H]([C@H]([C@@H]1O)O)O,Tribulus terrestris,A9,16
Quercetin 7-O-glucoside,OCC1OC(Oc2cc(O)c3c(c2)oc(c(c3=O)O)c2ccc(c(c2)O)O)C(C(C1O)O)O,Desmodium gangeticum,A6,16
Kaempferol-7-o-D-glucopyranoside,OCC1OC(Oc2cc(O)c3c(c2)oc(c(c3=O)O)c2ccc(cc2)O)C(C(C1O)O)O,Desmodium gangeticum,A6,16
1-Hexacosene,CCCCCCCCCCCCCCCCCCCCCCCCC=C,Gmelina arborea,A5,17
1-Eicosene,CCCCCCCCCCCCCCCCCCC=C,Gmelina arborea,A5,17
1-Docosene,CCCCCCCCCCCCCCCCCCCCC=C,Premna serratifolia,A4,17
1-Hexadecene,CCCCCCCCCCCCCCC=C,Premna serratifolia,A4,17
1-Tetracosene,CCCCCCCCCCCCCCCCCCCCCCC=C,Gmelina arborea,A5,17
1-Octacosene,CCCCCCCCCCCCCCCCCCCCCCCCCCC=C,Gmelina arborea,A5,17
1-Tricosene,CCCCCCCCCCCCCCCCCCCCCC=C,Gmelina arborea,A5,17
1-Octadecene,CCCCCCCCCCCCCCCCC=C,Premna serratifolia,A4,17
1-Pentacosene,CCCCCCCCCCCCCCCCCCCCCCCC=C,Gmelina arborea,A5,17
1-Heneicosene,CCCCCCCCCCCCCCCCCCCC=C,Gmelina arborea,A5,17
1-Nonacosene,CCCCCCCCCCCCCCCCCCCCCCCCCCCC=C,Gmelina arborea,A5,17
1-Heptacosene,CCCCCCCCCCCCCCCCCCCCCCCCCC=C,Gmelina arborea,A5,17
1-Nonadecene,CCCCCCCCCCCCCCCCCC=C,Premna serratifolia,A4,17
1-Heptadecene,CCCCCCCCCCCCCCCC=C,Gmelina arborea,A5,17
"3,6-Bis(benzo[d][1,3]dioxol-5-yl)tetrahydro-1H,3H-furo[3,4-c]furan-1,4-diol",OC1OC(C2C1C(OC2O)c1ccc2c(c1)OCO2)c1ccc2c(c1)OCO2,Gmelina arborea,A5,18
Gummadiol,O[C@@H]1O[C@@H]([C@@]2([C@H]1[C@H](OC2)c1ccc2c(c1)OCO2)O)c1ccc2c(c1)OCO2,Gmelina arborea,A5,18
Gmelanone,O=C1[C@@H]2CO[C@]1(CO[C@@H]2c1ccc2c(c1)OCO2)c1ccc2c(c1)OCO2,Gmelina arborea,A5,18
Isoarboreol,O[C@@]12CO[C@H]([C@@H]1CO[C@@]2(O)c1ccc2c(c1)OCO2)c1ccc2c(c1)OCO2,Gmelina arborea,A5,18
(-)-Paulownin,O[C@@]12CO[C@H]([C@@H]1CO[C@H]2c1ccc2c(c1)OCO2)c1ccc2c(c1)OCO2,Gmelina arborea,A5,18
"(3S,3aS,6S,6aR)-3,6-bis(1,3-benzodioxol-5-yl)-1,4,6,6a-tetrahydrofuro[3,4-c]furan-3,3a-diol",O[C@]12CO[C@@H]([C@H]1CO[C@@]2(O)c1ccc2c(c1)OCO2)c1ccc2c(c1)OCO2,Gmelina arborea,A5,18
"(3S,3aalpha,6aalpha)-3alpha,6alpha-Bis(1,3-benzodioxole-5-yl)tetrahydro-1H,3H-furo[3,4-c]furan-1-ol",OC1O[C@@H]([C@@H]2[C@H]1[C@H](OC2)c1ccc2c(c1)OCO2)c1ccc2c(c1)OCO2,Gmelina arborea,A5,18
Gmelinol,COc1cc(ccc1OC)C1OCC2(C1COC2c1ccc(c(c1)OC)OC)O,Gmelina arborea,A5,18
Paulownin,O[C@]12CO[C@@H]([C@H]1CO[C@@H]2c1ccc2c(c1)OCO2)c1ccc2c(c1)OCO2,Gmelina arborea,A5,18
beta-Selinene,C=C1CCC[C@]2([C@H]1C[C@@H](CC2)C(=C)C)C,Premna serratifolia,A4,19
5-Isopropenyl-2-methyl-2-cyclohexen-1-yl pivalate,CC1=CCC(CC1OC(=O)C(C)(C)C)C(=C)C,Aegle marmelos,A2,19
beta-Elemene,C=C[C@]1(C)CC[C@H](C[C@H]1C(=C)C)C(=C)C,Gmelina arborea,A5,19
Elemol,C=C[C@]1(C)CC[C@H](C[C@H]1C(=C)C)C(O)(C)C,Aegle marmelos,A2,19
Valencene,CC(=C)[C@@H]1CCC2=CCC[C@H]([C@@]2(C1)C)C,Aegle marmelos,A2,19
"trans-1(7),8-p-Menthadien-2-ol",CC(=C)[C@@H]1CCC(=C)[C@H](C1)O,Aegle marmelos,A2,19
(Z)-alpha-Bisabolene,CC(=CC/C=C(C1CCC(=CC1)C)/C)C,Aegle marmelos,A2,19
alpha-Terpineol,CC1=CCC(CC1)C(O)(C)C,Gmelina arborea,A5,19
alpha-Selinene,CC1=CCC[C@]2([C@H]1C[C@@H](CC2)C(=C)C)C,Aegle marmelos,A2,19
Limonene,CC1=CCC(CC1)C(=C)C,Premna serratifolia,A4,19
D-Limonene,CC1=CC[C@@H](CC1)C(=C)C,Aegle marmelos,A2,19
delta-Guaiene,CC(=C)[C@@H]1CCC(=C2[C@@H](C1)[C@@H](C)CC2)C,Aegle marmelos,A2,19
(-)-cis-Carveol,CC(=C)[C@@H]1CC=C([C@@H](C1)O)C,Aegle marmelos,A2,19
(-)-trans-Carveol,CC(=C)[C@@H]1CC=C([C@H](C1)O)C,Aegle marmelos,A2,19
Premnaspirodiene,CC(=C)[C@@H]1CC[C@]2(C1)[C@H](C)CCC=C2C,Premna serratifolia,A4,19
(4S)-1-Methyl-4-(prop-1-EN-2-YL)-7-oxabicyclo[4.1.0]heptane,CC(=C)[C@H]1CCC2(C(C1)O2)C,Aegle marmelos,A2,19
Osthole,COc1ccc2c(c1CC=C(C)C)oc(=O)cc2,Aegle marmelos,A2,20
Alloimperatorin,CC(=CCc1c2ccc(=O)oc2c(c2c1cco2)O)C,Aegle marmelos,A2,20
Bergapten,COc1c2ccc(=O)oc2cc2c1cco2,Aegle marmelos,A2,20
Haplopine,COc1c(=O)ccc2-c1[nH]c1occc1c2OC,Aegle marmelos,A2,20
Xanthotoxol,O=c1ccc2c(o1)c(O)c1c(c2)cco1,Aegle marmelos,A2,20
Isopimpinellin,COc1c2ccc(=O)oc2c(c2c1cco2)OC,Aegle marmelos,A2,20
Isoimperatorin,CC(=CCOc1c2ccoc2cc2c1ccc(=O)o2)C,Aegle marmelos,A2,20
Methoxsalen,COc1c2oc(=O)ccc2cc2c1occ2,Aegle marmelos,A2,20
"7H-Furo[3,2-g][1]benzopyran-7-one, 9-methoxy-4-(3-methyl-2-butenyl)-",COc1c2oc(=O)ccc2c(c2c1occ2)CC=C(C)C,Aegle marmelos,A2,20
Imperatorin,CC(=CCOc1c2occc2cc2c1oc(=O)cc2)C,Aegle marmelos,A2,20
Neogitogenin,C[C@H]1CC[C@@]2(OC1)O[C@@H]1[C@H]([C@@H]2C)[C@@]2([C@@H](C1)[C@@H]1CC[C@@H]3[C@]([C@H]1CC2)(C)C[C@H]([C@@H](C3)O)O)C,Tribulus terrestris,A9,21
Hecogenin,C[C@@H]1CC[C@@]2(OC1)O[C@@H]1[C@H]([C@@H]2C)[C@@]2([C@@H](C1)[C@@H]1CC[C@@H]3[C@]([C@H]1CC2=O)(C)CC[C@@H](C3)O)C,Tribulus terrestris,A9,21
"Spirosta-3,5-diene",CC1CC[C@@]2(OC1)O[C@@H]1[C@H]([C@@H]2C)[C@@]2([C@@H](C1)[C@@H]1CC=C3[C@]([C@H]1CC2)(C)CCC=C3)C,Tribulus terrestris,A9,21
Chlorogenin,C[C@@H]1CC[C@@]2(OC1)O[C@@H]1[C@H]([C@@H]2C)[C@@]2([C@@H](C1)[C@@H]1C[C@H](O)[C@@H]3[C@]([C@H]1CC2)(C)CC[C@@H](C3)O)C,Tribulus terrestris,A9,21
"Diosgenin,dehydro",C[C@@H]1CC[C@@]2(OC1)O[C@@H]1[C@H]([C@@H]2C)[C@@]2([C@@H](C1)[C@@H]1CC=C3[C@]([C@H]1CC2)(C)CCC=C3)C,Tribulus terrestris,A9,21
Tigogenin,C[C@@H]1CC[C@@]2(OC1)O[C@@H]1[C@H]([C@@H]2C)[C@@]2([C@@H](C1)[C@@H]1CC[C@@H]3[C@]([C@H]1CC2)(C)CC[C@@H](C3)O)C,Tribulus terrestris,A9,21
Neotigogenin,C[C@H]1CC[C@@]2(OC1)O[C@@H]1[C@H]([C@@H]2C)[C@@]2([C@@H](C1)[C@@H]1CC[C@@H]3[C@]([C@H]1CC2)(C)CC[C@@H](C3)O)C,Tribulus terrestris,A9,21
Gitogenin,C[C@@H]1CC[C@@]2(OC1)O[C@@H]1[C@H]([C@@H]2C)[C@@]2([C@@H](C1)[C@@H]1CC[C@@H]3[C@]([C@H]1CC2)(C)C[C@H]([C@@H](C3)O)O)C,Tribulus terrestris,A9,21
Diosgenin acetate,C[C@@H]1CC[C@@]2(OC1)O[C@@H]1[C@H]([C@@H]2C)[C@@]2([C@@H](C1)[C@@H]1CC=C3[C@]([C@H]1CC2)(C)CC[C@@H](C3)OC(=O)C)C,Tribulus terrestris,A9,21
Ruscogenin,C[C@@H]1CC[C@@]2(OC1)O[C@@H]1[C@H]([C@@H]2C)[C@@]2([C@@H](C1)[C@@H]1CC=C3[C@]([C@H]1CC2)(C)[C@H](O)C[C@@H](C3)O)C,Tribulus terrestris,A9,21
Diosgenin,C[C@@H]1CC[C@@]2(OC1)O[C@@H]1[C@H]([C@@H]2C)[C@@]2([C@@H](C1)[C@@H]1CC=C3[C@]([C@H]1CC2)(C)CC[C@@H](C3)O)C,Tribulus terrestris,A9,21
Docosanal,CCCCCCCCCCCCCCCCCCCCCC=O,Gmelina arborea,A5,22
Hexanal,CCCCCC=O,Gmelina arborea,A5,22
(2E)-2-Methyl-2-octenedial,O=CCCCC/C=C(/C=O)C,Aegle marmelos,A2,22
4-Oxononanal,CCCCCC(=O)CCC=O,Premna serratifolia,A4,22
Hexadecanal,CCCCCCCCCCCCCCCC=O,Gmelina arborea,A5,22
Icosanal,CCCCCCCCCCCCCCCCCCCC=O,Gmelina arborea,A5,22
Nonanal,CCCCCCCCC=O,Gmelina arborea,A5,22
Octanal,CCCCCCCC=O,Gmelina arborea,A5,22
Heneicosanal,CCCCCCCCCCCCCCCCCCCCC=O,Gmelina arborea,A5,22
Heptanal,CCCCCCC=O,Gmelina arborea,A5,22
Heptadecanal,CCCCCCCCCCCCCCCCC=O,Gmelina arborea,A5,22
Nonadecanal,CCCCCCCCCCCCCCCCCCC=O,Gmelina arborea,A5,22
Octadecanal,CCCCCCCCCCCCCCCCCC=O,Gmelina arborea,A5,22
Fenretinide,O=C(Nc1ccc(cc1)O)/C=C(/C=C/C=C(/C=C/C1=C(C)CCCC1(C)C)C)C,Aegle marmelos,A2,23
beta-Ionone,CC(=O)/C=C/C1=C(C)CCCC1(C)C,Premna serratifolia,A4,23
beta-Carotene,C/C(=CC=CC=C(C=CC=C(C=CC1=C(C)CCCC1(C)C)/C)/C)/C=C/C=C(/C=C/C1=C(C)CCCC1(C)C)C,Aegle marmelos,A2,23
alpha-Carotene,C/C(=CC=CC=C(C=CC=C(C=CC1=C(C)CCCC1(C)C)/C)/C)/C=C/C=C(/C=C/[C@H]1C(=CCCC1(C)C)C)C,Aegle marmelos,A2,23
Camphene,C=C1C2CCC(C1(C)C)C2,Aegle marmelos,A2,24
Calcitriol,O[C@H]1C[C@H](O)C(=C)/C(=CC=C2/CCC[C@]3([C@H]2CC[C@@H]3[C@@H](CCCC(O)(C)C)C)C)/C1,Aegle marmelos,A2,24
Pinocarvone,C=C1C(=O)CC2CC1C2(C)C,Aegle marmelos,A2,24
"Cholest-22-ene-21-ol,3,5-dehydro-6-methoxy-, pivalate",CC(C)C=CC(C(C)C1CCC2C1(CCC3C2CC(C45C3(CCC4C5)C)OC)C)OC(=O)C(C)(C)C,Pseudarthria viscida,A10,24
(1R)-2-methyl-5-propan-2-ylbicyclo[3.1.0]hex-2-ene,CC1=CCC2([C@@H]1C2)C(C)C,Aegle marmelos,A2,24
"Longipinocarveol, trans-",OC1CC2CC3(C1=C)C2(C)CCCC3(C)C,Aegle marmelos,A2,24
(+)-cis-Sabinol,CC([C@]12C[C@@H]2C(=C)[C@@H](C1)O)C,Aegle marmelos,A2,24
beta-Pinene,C=C1CCC2CC1C2(C)C,Premna serratifolia,A4,24
Sabinene,C=C1CCC2(C1C2)C(C)C,Aegle marmelos,A2,24
cis-Sabinene hydrate,C[C@@H]1CC[C@@]2(C1C2)C(C)C,Aegle marmelos,A2,24
Cadinane,C[C@H]1CC[C@@H]2[C@@H](C1)[C@@H](CC[C@@H]2C)C(C)C,Premna serratifolia,A4,24
beta-Amyrone,O=C1CC[C@]2([C@H](C1(C)C)CC[C@@]1([C@@H]2CC=C2[C@@]1(C)CC[C@@]1([C@H]2CC(C)(C)CC1)C)C)C,Desmodium gangeticum,A6,24
"(2E,6Z)-Nona-2,6-dien-1-ol",CC/C=CCC/C=C/CO,Premna serratifolia,A4,25
9-Heptacosene,CCCCCCCCCCCCCCCCC/C=C/CCCCCCCC,Gmelina arborea,A5,25
cis-3-Hexenyl acetate,CC/C=CCCOC(=O)C,Gmelina arborea,A5,25
Octadecanoic acid,CCCCCCCCCCCCCCCC=CC(=O)O,Pseudarthria viscida,A10,25
"Z-(13,14-Epoxy)tetradec-11-en-1-ol acetate",CC(=O)OCCCCCCCCCCC=CC1CO1,Pseudarthria viscida,A10,25
"10-Heneicosene (c,t)",CCCCCCCCCCC=CCCCCCCCCC,Pseudarthria viscida,A10,25
"Butane, 1,1-diethoxy -3-methyl",CCCCC=CCC(C)=O,Pseudarthria viscida,A10,25
"Hexadecen-1-ol, trans-9-",CCCCCCC=CCCCCCCCCO,Pseudarthria viscida,A10,25
cis-3-Hexen-1-ol,OCC/C=CCC,Gmelina arborea,A5,25
9-Hexacosene,CCCCCCCCCCCCCCCC/C=C/CCCCCCCC,Gmelina arborea,A5,25
9-Tetracosene,CCCCCCCCCCCCCC/C=C/CCCCCCCC,Gmelina arborea,A5,25
3-Octanone,CCCCCC(=O)CC,Aegle marmelos,A2,26
Nonanoic acid,CCCCCCCCC(=O)O,Gmelina arborea,A5,26
"1-Benzoxirene-2,5-dione, 4-(3-oxobutyl)hexahydro-3,3,4-trimethyl",CC(=O)CCC1(C)C(=O)C2OC2C(=O)C1(C)C,Aegle marmelos,A2,26
Butyric acid,CCCC(=O)O,Gmelina arborea,A5,26
Undecanoic acid,CCCCCCCCCCC(=O)O,Pseudarthria viscida,A10,26
Palmitic acid,CCCCCCCCCCCCCCCC(=O)O,Tribulus terrestris,A9,26
n-Hexadecanoic acid,CCCCCCCCCCCCCCCC(=O)O,Pseudarthria viscida,A10,26
Tetra decanoic acid,CCCCCCCCCCCCCC(=O)O,Pseudarthria viscida,A10,26
Myristic acid,CCCCCCCCCCCCCC(=O)O,Gmelina arborea,A5,26
Stearic acid,CCCCCCCCCCCCCCCCCC(=O)O,Tribulus terrestris,A9,26
Hexanoic acid,CCCCCC(=O)O,Premna serratifolia,A4,26
Arachidic acid,CCCCCCCCCCCCCCCCCCCC(=O)O,Gmelina arborea,A5,26
Lauric acid,CCCCCCCCCCCC(=O)O,Gmelina arborea,A5,26
Octanoic acid,CCCCCCCC(=O)O,Gmelina arborea,A5,26
Aristolene,CC1CCCC2=CCC3C(C12C)C3(C)C,Aegle marmelos,A2,27
trans-alpha-Bergamotene,CC(=CCC[C@]1(C)[C@H]2CC=C([C@@H]1C2)C)C,Premna serratifolia,A4,27
Myrtenyl acetate,CC(=O)OCC1=CCC2CC1C2(C)C,Aegle marmelos,A2,27
Myrtenol,OCC1=CCC2CC1C2(C)C,Aegle marmelos,A2,27
Eudesm-7(11)-en-4-ol,CC(=C1CC[C@]2(C(C1)[C@@](C)(O)CCC2)C)C,Aegle marmelos,A2,27
alpha-Pinene,CC1=CCC2CC1C2(C)C,Premna serratifolia,A4,27
gamma-Terpineol,CC(=C1CCC(CC1)(C)O)C,Aegle marmelos,A2,27
Artesin[sesquiterpene],O=C1O[C@H]2[C@H]([C@@H]1C)CC[C@@]1(C2=C(C)CC[C@H]1O)C,Gmelina arborea,A5,27
"Cyclohexene, 6-ethenyl-6-methyl-1-(1-methylethyl)-3-(1-methylethylidene)-, (S)-",C=C[C@@]1(C)CCC(=C(C)C)C=C1C(C)C,Aegle marmelos,A2,27
2-Methylbutyl isovalerate,CCC(COC(=O)CC(C)C)C,Gmelina arborea,A5,28
L-(+)-Arabinose,OC[C@@H]([C@@H]([C@H](C=O)O)O)O,Gmelina arborea,A5,28
Isobutyl butyrate,CCCC(=O)OCC(C)C,Gmelina arborea,A5,28
3-O-Methyl-d-Glucose,COC(C(C=O)O)C(C(CO)O)O,Pseudarthria viscida,A10,28
Ascorbic acid,OC[C@@H]([C@H]1OC(=O)C(=C1O)O)O,Tribulus terrestris,A9,28
Ethyl isovalerate,CCOC(=O)CC(C)C,Gmelina arborea,A5,28
2-Methylbutyl butyrate,CCCC(=O)OCC(CC)C,Gmelina arborea,A5,28
2-Methylbutyl 2-methylbutyrate,CCC(COC(=O)C(CC)C)C,Gmelina arborea,A5,28
d-Tartaric acid,O[C@@H]([C@@H](C(=O)O)O)C(=O)O,Gmelina arborea,A5,28
Isovaleric acid,CC(CC(=O)O)C,Gmelina arborea,A5,28
Dalbergioidin,Oc1ccc(c(c1)O)C1COc2c(C1=O)c(O)cc(c2)O,Desmodium gangeticum,A6,29
"5,7,2',4'-Tetrahydroxy-6-prenylisoflavanone",CC(=CCc1c(O)cc2c(c1O)C(=O)C(CO2)c1ccc(cc1O)O)C,Desmodium gangeticum,A6,29
Kievitone,CC(=CCc1c(O)cc(c2c1OCC(C2=O)c1ccc(cc1O)O)O)C,Desmodium gangeticum,A6,29
Aphelandrine,Oc1ccc(cc1)[C@H]1Oc2c3[C@@H]1C(=O)N1CCCCNCCCN[C@H](c(c3)cc2)CC(=O)NCCC1,Premna serratifolia,A4,29
Leucopelargonidin,Oc1ccc(cc1)C1Oc2cc(O)cc(c2C(C1O)O)O,Pseudarthria viscida,A10,29
Pterocarpan,c1ccc2c(c1)C1Oc3c(C1CO2)cccc3,Desmodium gangeticum,A6,29
Desmocarpin,COc1cc(O)c2c(c1)OCC1C2Oc2c1ccc(c2)O,Desmodium gangeticum,A6,29
Benzaldehyde,O=Cc1ccccc1,Gmelina arborea,A5,30
Benzyl Alcohol,OCc1ccccc1,Premna serratifolia,A4,30
Benzoic acid,OC(=O)c1ccccc1,Gmelina arborea,A5,30
Anthraquinone,O=C1c2ccccc2C(=O)c2c1cccc2,Oroxylum indicum,A1,30
Lapachol,CC(=CCC1=C(O)c2c(C(=O)C1=O)cccc2)C,Stereospermum chelonoides,A3,30
Cinnamyl alcohol,OC/C=C/c1ccccc1,Premna serratifolia,A4,30
"3,4-Dihydroxybenzoic acid",OC(=O)c1ccc(c(c1)O)O,Desmodium gangeticum,A6,30
2-Phenylethanol,OCCc1ccccc1,Premna serratifolia,A4,30
Aloe emodin,OCc1cc(O)c2c(c1)C(=O)c1c(C2=O)c(O)ccc1,Oroxylum indicum,A1,30
Phenylacetaldehyde,O=CCc1ccccc1,Premna serratifolia,A4,30
Phthalic acid,C1=CC=C(C(=C1)C(=O)O)C(=O)O,Pseudarthria viscida,A10,30
Saccharin,O=C1NS(=O)(=O)c2c1cccc2,Gmelina arborea,A5,30
Phenethylamine,NCCc1ccccc1,Desmodium gangeticum,A6,30
Flavylium,c1ccc(cc1)c1ccc2c([o+]1)cccc2,Aegle marmelos,A2,30
2'-Methylacetophenone,CC1=CC=CC=C1C(=O)C,Premna serratifolia,A4,30
Hexadecane,CCCCCCCCCCCCCCCC,Gmelina arborea,A5,31
"N,N'-Pentamethylenebis[s-3-aminopropyl thiosulfuric acid]",C(CCNCCCSS(=O)(=O)O)CCNCCCSS(=O)(=O)O,Pseudarthria viscida,A10,31
Pentadecane,CCCCCCCCCCCCCCC,Gmelina arborea,A5,31
Octacosane,CCCCCCCCCCCCCCCCCCCCCCCCCCCC,Gmelina arborea,A5,31
Nonacosane,CCCCCCCCCCCCCCCCCCCCCCCCCCCCC,Gmelina arborea,A5,31
Pentacosane,CCCCCCCCCCCCCCCCCCCCCCCCC,Gmelina arborea,A5,31
"5-Isopropyl-6-methyl-hepta-3,5-dien-2-ol",CC(/C=C/C(=C(C)C)C(C)C)O,Aegle marmelos,A2,31
3-Octanol,CCCCCC(CC)O,Gmelina arborea,A5,31
2-Hexanol,CCCCC(O)C,Premna serratifolia,A4,31
Heptacosane,CCCCCCCCCCCCCCCCCCCCCCCCCCC,Gmelina arborea,A5,31
"3-Methoxy-2,5-dimethylpyrazine",CC1=CN=C(C(=N1)OC)C,Premna serratifolia,A4,31
"Propane, 1,1,3-triethoxy",CCOCCC(OCC)OCC,Pseudarthria viscida,A10,31
Tricosane,CCCCCCCCCCCCCCCCCCCCCCC,Gmelina arborea,A5,31
Heneicosane,CCCCCCCCCCCCCCCCCCCCC,Gmelina arborea,A5,31
Docosane,CCCCCCCCCCCCCCCCCCCCCC,Gmelina arborea,A5,31
Nonadecane,CCCCCCCCCCCCCCCCCCC,Gmelina arborea,A5,31
Heptadecane,CCCCCCCCCCCCCCCCC,Gmelina arborea,A5,31
Octadecane,CCCCCCCCCCCCCCCCCC,Gmelina arborea,A5,31
Tetracosane,CCCCCCCCCCCCCCCCCCCCCCCC,Gmelina arborea,A5,31
Hexacosane,CCCCCCCCCCCCCCCCCCCCCCCCCC,Gmelina arborea,A5,31
"2-Cyclopenten-1-one, 2-(2-butenyl)-3-methyl-, (Z)-",C/C=CCC1=C(C)CCC1=O,Aegle marmelos,A2,31
Isoxazole,c1ccno1,Gmelina arborea,A5,31
"d-Mannitol, 1-decylsulfonyl",CCCCCCCCCCS(=O)(=O)CC(C(C(C(CO)O)O)O)O,Pseudarthria viscida,A10,31
Eicosane,CCCCCCCCCCCCCCCCCCCC,Gmelina arborea,A5,31
L-Rhamnose,O[C@H]1[C@H](C)OC([C@@H]([C@@H]1O)O)O,Tribulus terrestris,A9,32
D-Glucose,OC[C@H]1OC(O)[C@@H]([C@H]([C@@H]1O)O)O,Tribulus terrestris,A9,32
D-Galactose,OC[C@H]1OC(O)[C@@H]([C@H]([C@H]1O)O)O,Gmelina arborea,A5,32
Saponin G,OCC1OC(OC2CCC3(C(C2(C)C)CCC2(C3CCC3C42COC2(C4)C3C(C)(CC(O2)C=C(C)C)OC2OC(C)C(C(C2O)O)O)C)C)C(C(C1O)O)O,Tribulus terrestris,A9,32
Saponin C,OC[C@@H]1O[C@H]([C@@H]([C@H]1O)O)O[C@H]1[C@@H](O)[C@H](O[C@H]2[C@@H](OC[C@@H]([C@@H]2O)O)O[C@H]2CC[C@]3([C@H]([C@]2(C)CO)CC[C@@]2([C@@H]3CC=C3[C@@]2(C)CC[C@@]2([C@H]3CC(C)(C)CC2)C(=O)O)C)C)O[C@H]([C@@H]1O)C,Tribulus terrestris,A9,32
D-Galacturonic Acid,OC1O[C@H](C(=O)O)[C@@H]([C@@H]([C@H]1O)O)O,Aegle marmelos,A2,32
Ouabain,OC[C@@]12[C@H](O)C[C@@H](C[C@@]2(O)CC[C@@H]2[C@@H]1[C@H](O)C[C@]1([C@]2(O)CC[C@@H]1C1=CC(=O)OC1)C)O[C@@H]1O[C@@H](C)[C@@H]([C@H]([C@H]1O)O)O,Stereospermum chelonoides,A3,32
Mussaenosidic acid,C[C@@]1(CC[C@H]2[C@@H]1[C@@H](OC=C2C(=O)O)O[C@H]3[C@@H]([C@H]([C@@H]([C@H](O3)CO)O)O)O)O,Premna serratifolia,A4,32
"Phytol, acetate",C[C@@H](CCC[C@@H](C)CCC/C(=C/COC(=O)C)/C)CCCC(C)C,Pseudarthria viscida,A10,33
gamma-Tocopherol,C[C@H](CCC[C@@H](CCCC(C)C)C)CCC[C@]1(C)CCc2c(O1)c(C)c(c(c2)O)C,Oroxylum indicum,A1,33
"3,7,11,15-Tetramethyl-2-hexadecen-1-ol",CC(C)CCCC(C)CCCC(C)CCCC(=CCO)C,Pseudarthria viscida,A10,33
Neophytadiene,CC(C)CCCC(C)CCCC(C)CCCC(=C)C=C,Pseudarthria viscida,A10,33
Phytol,OC/C=C(/CCC[C@@H](CCC[C@@H](CCCC(C)C)C)C)C,Premna serratifolia,A4,33
"E-15-Heptadecenal; Heptadecane,2,6,10,14-tetramethyl",CCCC(C)CCCC(C)CCCC(C)CCCC(C)C,Pseudarthria viscida,A10,33
Methyleugenol,C=CCc1ccc(c(c1)OC)OC,Aegle marmelos,A2,34
4-Allyltoluene,C=CCc1ccc(cc1)C,Aegle marmelos,A2,34
"N,N-Dimethyltryptamine",CN(CCc1c[nH]c2c1cccc2)C,Desmodium gangeticum,A6,34
"N,N-Dimethyl-5-methoxytryptamine",COc1ccc2c(c1)c(CCN(C)C)c[nH]2,Desmodium gangeticum,A6,34
Hypaphorine,[O-]C(=O)[C@@H]([N+](C)(C)C)Cc1c[nH]c2c1cccc2,Desmodium gangeticum,A6,34
Tryptamine,NCCc1c[nH]c2c1cccc2,Desmodium gangeticum,A6,34
Dictamnine,COc1c2ccccc2nc2c1cco2,Aegle marmelos,A2,35
Skimmianine,COc1ccc2c(c1OC)nc1c(c2OC)cco1,Aegle marmelos,A2,35
Kokusagine,COc1c2ccc3c(c2nc2c1cco2)OCO3,Aegle marmelos,A2,35
gamma-Fagarine,COc1cccc2c1nc1occc1c2OC,Aegle marmelos,A2,35
Luteolin-7-glucuronide,OC(=O)[C@H]1OC(Oc2cc(O)c3c(c2)oc(cc3=O)c2ccc(c(c2)O)O)[C@@H]([C@H]([C@@H]1O)O)O,Gmelina arborea,A5,36
6-Hydroxyluteolin 7-glucuronide,OC(=O)C1O[C@@H](Oc2cc3oc(cc(=O)c3c(c2O)O)c2ccc(c(c2)O)O)C([C@H]([C@@H]1O)O)O,Stereospermum chelonoides,A3,36
Apigenin 7-glucuronide,OC(=O)[C@H]1O[C@@H](Oc2cc(O)c3c(c2)oc(cc3=O)c2ccc(cc2)O)[C@@H]([C@H]([C@@H]1O)O)O,Gmelina arborea,A5,36
Isorhoifolin,O[C@H]1[C@@H](O[C@@H]([C@H]([C@@H]1O)O)CO[C@@H]1O[C@@H](C)[C@@H]([C@H]([C@H]1O)O)O)Oc1cc(O)c2c(c1)oc(cc2=O)c1ccc(cc1)O,Gmelina arborea,A5,36
Baicalein 6-glucoside,OCC1O[C@@H](Oc2c(O)cc3c(c2O)c(=O)cc(o3)c2ccccc2)C([C@H]([C@@H]1O)O)O,Oroxylum indicum,A1,36
Scutellarein 6-glucoside,OCC1O[C@@H](Oc2c(O)cc3c(c2O)c(=O)cc(o3)c2ccc(cc2)O)C([C@H]([C@@H]1O)O)O,Stereospermum chelonoides,A3,36
Baicalin,OC(=O)[C@H]1O[C@@H](Oc2cc3oc(cc(=O)c3c(c2O)O)c2ccccc2)[C@@H]([C@H]([C@@H]1O)O)O,Oroxylum indicum,A1,36
Oroxindin,COc1c(O[C@@H]2O[C@H](C(=O)O)[C@H]([C@@H]([C@H]2O)O)O)cc(c2c1oc(cc2=O)c1ccccc1)O,Oroxylum indicum,A1,36
Scutellarin,OC(=O)[C@H]1O[C@@H](Oc2cc3oc(cc(=O)c3c(c2O)O)c2ccc(cc2)O)[C@@H]([C@H]([C@@H]1O)O)O,Oroxylum indicum,A1,36
Diosmetin 7-glucuronide,COc1ccc(cc1O)c1cc(=O)c2c(o1)cc(cc2O)O[C@@H]1O[C@H](C(=O)O)[C@H]([C@@H]([C@H]1O)O)O,Stereospermum chelonoides,A3,36
Scutellarein 7-rutinoside,OC1[C@@H](OC([C@H]([C@@H]1O)O)CO[C@@H]1OC(C)[C@@H]([C@@H](C1O)O)O)Oc1cc2oc(cc(=O)c2c(c1O)O)c1ccc(cc1)O,Oroxylum indicum,A1,36
Harmaline,COc1ccc2=C3C(=C(C)NCC3)N=c2c1,Tribulus terrestris,A9,37
Harmine,COc1ccc2c(c1)[nH]c1c2ccnc1C,Tribulus terrestris,A9,37
Indole,c1ccc2c(c1)[nH]cc2,Premna serratifolia,A4,37
"(1R)-7-methoxy-1-methyl-2,3,4,9-tetrahydro-1H-pyrido[3,4-b]indole",COc1ccc2c(c1)[nH]c1c2CCN[C@@H]1C,Tribulus terrestris,A9,37
Harman,Cc1nccc2c1[nH]c1c2cccc1,Tribulus terrestris,A9,37
"9H-Pyrido[3,4-B]indole",c1ccc2c(c1)[nH]c1c2ccnc1,Tribulus terrestris,A9,37
Harmol,O=c1ccc2c(c1)[nH]c1c2cc[nH]c1C,Tribulus terrestris,A9,37
"9H-Pyrido[2,3-b]indole",c1ccc2c(c1)[nH]c1c2cccn1,Desmodium gangeticum,A6,37
Nb-methyltetrahydroharman,CN1CCc2c(C1C)[nH]c1c2cccc1,Desmodium gangeticum,A6,37
"6,9,12,15-Docosatetraenoic acid, methyl ester",CCCCCCC=CCC=CCC=CCC=CCCCCC(=O)OC,Pseudarthria viscida,A10,38
Methyl tetradecanoate,CCCCCCCCCCCCCC(=O)OC,Gmelina arborea,A5,38
Methyl 9-oxononanoate,COC(=O)CCCCCCCC=O,Premna serratifolia,A4,38
Methyl palmitate,CCCCCCCCCCCCCCCC(=O)OC,Gmelina arborea,A5,38
Palmitoleic acid,CCCCCC/C=CCCCCCCCC(=O)O,Oroxylum indicum,A1,38
"9,12-Octadecanoic acid(Z,Z)",CCCCCCCCC=CCCCCCCCC(=O)O,Pseudarthria viscida,A10,38
Oleic acid,CCCCCCCC/C=CCCCCCCCC(=O)O,Pseudarthria viscida,A10,38
Linolenic acid,CC/C=CC/C=CC/C=CCCCCCCCC(=O)O,Gmelina arborea,A5,38
Linoleic acid,CCCCC/C=CC/C=CCCCCCCCC(=O)O,Tribulus terrestris,A9,38
Citral,O=C/C=C(/CCC=C(C)C)C,Premna serratifolia,A4,39
Harmalol,O=C1C=Cc2c(=C1)[nH]c1=C(C)NCCc21,Tribulus terrestris,A9,39
Geraniol,OC/C=C(/CCC=C(C)C)C,Gmelina arborea,A5,39
alpha-Curcumene,CC(=CCCC(c1ccc(cc1)C)C)C,Aegle marmelos,A2,39
Citronellal,O=CCC(CCC=C(C)C)C,Aegle marmelos,A2,39
Linalool,C=CC(CCC=C(C)C)(O)C,Gmelina arborea,A5,39
Myrcene,C=CC(=C)CCC=C(C)C,Aegle marmelos,A2,39
Nerolidol,C=CC(CC/C=C(/CCC=C(C)C)C)(O)C,Aegle marmelos,A2,39
trans-Sesquisabinene hydrate,CC(=CCCC([C@]12CC[C@](C2C1)(C)O)C)C,Premna serratifolia,A4,39
Genistein,Oc1ccc(cc1)c1coc2c(c1=O)c(O)cc(c2)O,Desmodium gangeticum,A6,40
2'-Hydroxygenistein,Oc1ccc(c(c1)O)c1coc2c(c1=O)c(O)cc(c2)O,Desmodium gangeticum,A6,40
Kaempferol,Oc1ccc(cc1)c1oc2cc(O)cc(c2c(=O)c1O)O,Tribulus terrestris,A9,40
6-Glucosyl-luteolin,OC[C@]1(OC(O)[C@@H]([C@H]([C@@H]1O)O)O)c1c(oc2c(c1=O)c(O)cc(c2)O)c1ccc(c(c1)O)O,Stereospermum chelonoides,A3,40
biochanin A,COc1ccc(cc1)c1coc2c(c1=O)c(O)cc(c2)O,Oroxylum indicum,A1,40
Quercetagetin,Oc1ccc(cc1O)c1oc2cc(O)c(c(c2c(=O)c1O)O)O,Gmelina arborea,A5,40
Prunetin,COc1cc(O)c2c(c1)occ(c2=O)c1ccc(cc1)O,Oroxylum indicum,A1,40
Quercetin,Oc1cc(O)c2c(c1)oc(c(c2=O)O)c1ccc(c(c1)O)O,Tribulus terrestris,A9,40
Dihydrosolasodine,C[C@@H]1CC[C@@H](NC1)[C@H](C1[C@@H](O)C[C@@H]2[C@]1(C)CC[C@H]1[C@H]2CC=C2[C@]1(C)CC[C@@H](C2)O)C,Solanum indicum,A8,41
Solanidine,O[C@H]1CC[C@]2(C(=CC[C@@H]3[C@@H]2CC[C@]2([C@H]3C[C@H]3[C@@H]2[C@H](C)[C@@H]2N3C[C@H](CC2)C)C)C1)C,Solanum indicum,A8,41
Solasodine,C[C@@H]1CC[C@@]2(NC1)O[C@@H]1[C@H]([C@@H]2C)[C@@]2([C@@H](C1)[C@@H]1CC=C3[C@]([C@H]1CC2)(C)CC[C@@H](C3)O)C,Solanum virginianum,A7,41
Capsimine,C[C@@H]1CC[C@@H](NC1)[C@H](C1[C@H](O)C[C@@H]2[C@]1(C)CC[C@H]1[C@H]2CC=C2[C@]1(C)CC[C@@H](C2)O)C,Solanum indicum,A8,41
Soladulcamaridine,C[C@H]1CC[C@]2(NC1)O[C@@H]1[C@H]([C@H]2C)[C@@]2([C@@H](C1)[C@@H]1CC=C3[C@]([C@H]1CC2)(C)CC[C@@H](C3)O)C,Solanum virginianum,A7,41
(E)-beta-ocimene,C=C/C(=C/CC=C(C)C)/C,Gmelina arborea,A5,42
1-Octen-3-OL,CCCCCC(C=C)O,Gmelina arborea,A5,42
1-Nonen-3-ol,CCCCCCC(C=C)O,Premna serratifolia,A4,42
(Z)-beta-Ocimene,C=C/C(=CCC=C(C)C)/C,Aegle marmelos,A2,42
"3H-Naphtho(1,8-bc)furan-3,8(4H)-dione, 5,5a,6,7-tetrahydro-7-methyl-5-(1-methylethyl)-, (5R,5aR,7S)-",CC([C@H]1CC(=O)c2c3[C@@H]1C[C@H](C)C(=O)c3oc2)C,Gmelina arborea,A5,42
delta-Elemene,C=C[C@@]1(C)CCC(=C[C@@H]1C(=C)C)C(C)C,Premna serratifolia,A4,43
gamma-Muurolene,CC1=C[C@@H]2[C@H](CC1)C(=C)CC[C@H]2C(C)C,Premna serratifolia,A4,43
p-Menth-1-en-3-ol,CC1=CC(C(CC1)C(C)C)O,Aegle marmelos,A2,43
alpha-Muurolene,CC1=C[C@@H]2[C@H](CC1)C(=CC[C@H]2C(C)C)C,Premna serratifolia,A4,43
(+)-delta-Cadinene,CC1=C[C@@H]2C(=C(C)CC[C@H]2C(C)C)CC1,Gmelina arborea,A5,43
"p-Mentha-1,3,8-triene",CC1=CC=C(CC1)C(=C)C,Aegle marmelos,A2,43
Carotol,CC1=CC[C@@]2([C@@](CC1)(O)[C@H](CC2)C(C)C)C,Aegle marmelos,A2,43
4-Carvomenthenol,CC1=CCC(CC1)(O)C(C)C,Aegle marmelos,A2,43
Terpinolene,CC1=CCC(=C(C)C)CC1,Aegle marmelos,A2,43
alpha-Terpinene,CC1=CC=C(CC1)C(C)C,Aegle marmelos,A2,43
gamma-Terpinene,CC1=CCC(=CC1)C(C)C,Aegle marmelos,A2,43
"(1aS,4aS,7R,7aS,7bS)-1,1,7-Trimethyl-4-methylenedecahydro-1H-cyclopropa[e]azulen-7-ol",C=C1CCC2C([C@H]3[C@@H]1CC[C@@]3(C)O)C2(C)C,Aegle marmelos,A2,44
beta-Gurjunene,C[C@@H]1CC[C@@H]2[C@H]([C@H]3[C@@H]1CCC3=C)C2(C)C,Premna serratifolia,A4,44
Caswell No. 264AB,CC([C@@H]1CC[C@H]([C@]23[C@H]1[C@H]2C(=CC3)C)C)C,Premna serratifolia,A4,44
alpha-Copaene,CC([C@@H]1CC[C@]2([C@@H]3[C@H]1C2C(=CC3)C)C)C,Premna serratifolia,A4,44
Spathulenol,C=C1CC[C@@H]2[C@H]([C@H]3[C@H]1CC[C@]3(C)O)C2(C)C,Aegle marmelos,A2,44
(-)-beta-Bourbonene,CC([C@@H]1CC[C@@]2([C@H]1[C@H]1C(=C)CC[C@@H]21)C)C,Aegle marmelos,A2,44
Cubebol,CC([C@@H]1CC[C@H]([C@]23[C@H]1[C@H]2[C@@](C)(O)CC3)C)C,Aegle marmelos,A2,44
Isoaromadendrene epoxide,CC1CCC2C1C1C(C1(C)C)CC1C2(C)O1,Aegle marmelos,A2,44
Neochlorogenic acid,O=C(O[C@@H]1C[C@](O)(C[C@H]([C@@H]1O)O)C(=O)O)/C=C/c1ccc(c(c1)O)O,Solanum virginianum,A7,45
Chlorogenic acid,O=C(O[C@@H]1C[C@@](O)(C[C@H]([C@H]1O)O)C(=O)O)/C=C/c1ccc(c(c1)O)O,Solanum virginianum,A7,45
Vanillin,COc1cc(C=O)ccc1O,Premna serratifolia,A4,45
Eugenol,C=CCc1ccc(c(c1)OC)O,Gmelina arborea,A5,45
Terrestriamide,COc1cc(/C=C/C(=O)NCC(=O)c2ccc(cc2)O)ccc1O,Tribulus terrestris,A9,45
Acetovanillone,COc1cc(ccc1O)C(=O)C,Premna serratifolia,A4,45
2-Methoxy-4-vinylphenol,COc1cc(C=C)ccc1O,Aegle marmelos,A2,45
"Cyclohexanecarboxylic acid, 3-[[3-(3,4-dihydroxyphenyl)-1-oxo-2-propenyl]oxy]-1,4,5-trihydroxy-, (1S,3R,4S,5R)-",O=C(O[C@@H]1C[C@@](O)(C[C@H]([C@@H]1O)O)C(=O)O)C=Cc1ccc(c(c1)O)O,Solanum virginianum,A7,45
(-)-Olivil,COc1cc(ccc1O)C[C@@]1(O)CO[C@@H]([C@H]1CO)c1ccc(c(c1)OC)O,Premna serratifolia,A4,45
Arborone,OC[C@@H]1[C@H](CO[C@@H]1c1cc(OC)c(c(c1)OC)OC)C(=O)c1cc(OC)c(c(c1)OC)OC,Gmelina arborea,A5,45
Moupinamide,COc1cc(/C=C/C(=O)NCCc2ccc(cc2)O)ccc1O,Tribulus terrestris,A9,45
4-Ethyl-2-methoxyphenol,CCc1ccc(c(c1)OC)O,Gmelina arborea,A5,45
Methyl 1-methoxy-1H-indole-3-carboxylate,COC(=O)c1cn(c2c1cccc2)OC,Desmodium gangeticum,A6,46
Dimethyl terephthalate,COC(=O)c1ccc(cc1)C(=O)OC,Oroxylum indicum,A1,46
Methyl salicylate,COC(=O)c1ccccc1O,Gmelina arborea,A5,46
Ethyl salicylate,CCOC(=O)c1ccccc1O,Gmelina arborea,A5,46
Methyl benzoate,COC(=O)c1ccccc1,Gmelina arborea,A5,46
Tembamide,COc1ccc(cc1)C(CNC(=O)c1ccccc1)O,Aegle marmelos,A2,46
Salicylic acid,OC(=O)c1ccccc1O,Desmodium gangeticum,A6,46
3-Fluorophenyl cyclohexanecarboxylate,O=C(C1CCCCC1)Oc1cccc(c1)F,Aegle marmelos,A2,46
Tannic acid,O=C(c1cc(O)c(c(c1)OC(=O)c1cc(O)c(c(c1)O)O)O)O[C@@H]1[C@@H](COC(=O)c2cc(O)c(c(c2)OC(=O)c2cc(O)c(c(c2)O)O)O)O[C@H]([C@@H]([C@H]1OC(=O)c1cc(O)c(c(c1)OC(=O)c1cc(O)c(c(c1)O)O)O)OC(=O)c1cc(O)c(c(c1)OC(=O)c1cc(O)c(c(c1)O)O)O)OC(=O)c1cc(O)c(c(c1)OC(=O)c1cc(O)c(c(c1)O)O)O,Aegle marmelos,A2,46
Terrestrosin F,OC[C@H]1O[C@@H](O[C@@H]2C[C@@H]3CC[C@@H]4[C@@H]([C@]3(C[C@H]2O)C)CC[C@]2([C@H]4C[C@H]3[C@@H]2[C@@H]([C@@](O3)(O)CC[C@H](CO[C@@H]2O[C@H](CO)[C@H]([C@@H]([C@H]2O)O)O)C)C)C)[C@@H]([C@H]([C@H]1O[C@@H]1O[C@H](CO)[C@H]([C@@H]([C@H]1O)O)O)O)O,Tribulus terrestris,A9,47
Terrestrosin K,OC[C@H]1O[C@@H](O[C@H]2CC[C@]3([C@H](C2)CC[C@@H]2[C@@H]3CC(=O)[C@]3([C@H]2C[C@H]2[C@@H]3C(=C(O2)CC[C@H](CO[C@@H]2O[C@H](CO)[C@H]([C@@H]([C@H]2O)O)O)C)C)C)C)[C@@H]([C@H]([C@H]1O[C@@H]1O[C@H](CO)[C@H]([C@@H]([C@H]1O[C@@H]1O[C@H](CO)[C@@H]([C@@H]([C@H]1O)O)O)O)O)O)O,Tribulus terrestris,A9,47
"(2S,3R,4S,5S,6R)-2-[(2S,3R,4S,5S,6R)-2-[(2S,3R,4S,6R)-2-[(2R,3R,4R,5R,6R)-6-[(1R,2S,3S,4R,5'R,6R,7S,8R,9S,12S,13S,15R,16R,18S)-3,15-dihydroxy-5',7,9,13-tetramethylspiro[5-oxapentacyclo[10.8.0.02,9.04,8.013,18]icosane-6,2'-oxane]-16-yl]oxy-4,5-dihydroxy-2-(hydroxymethyl)oxan-3-yl]oxy-5-hydroxy-6-(hydroxymethyl)-4-[(2S,3R,4S,5R)-3,4,5-trihydroxyoxan-2-yl]oxyoxan-3-yl]oxy-3,5-dihydroxy-6-(hydroxymethyl)oxan-4-yl]oxy-6-(hydroxymethyl)oxane-3,4,5-triol",OC[C@H]1O[C@@H](O[C@@H]2C[C@@H]3CC[C@@H]4[C@@H]([C@]3(C[C@H]2O)C)CC[C@]2([C@H]4[C@H](O)[C@H]3[C@@H]2[C@@H]([C@]2(O3)CC[C@H](CO2)C)C)C)[C@@H]([C@H]([C@H]1O[C@@H]1O[C@H](CO)C([C@@H]([C@H]1O[C@@H]1O[C@H](CO)[C@@H]([C@@H]([C@H]1O)O[C@@H]1O[C@H](CO)[C@H]([C@@H]([C@H]1O)O)O)O)O[C@@H]1OC[C@H]([C@@H]([C@H]1O)O)O)O)O)O,Tribulus terrestris,A9,47
Tribulosin,OC[C@H]1O[C@@H](O[C@H]2CC[C@]3([C@H](C2)CC[C@@H]2[C@@H]3CC[C@]3([C@H]2C[C@H]2[C@@H]3[C@H](C)[C@]3(O2)CC[C@@H](CO3)C)C)C)[C@@H]([C@H]([C@H]1O[C@@H]1O[C@H](CO)[C@H]([C@@H]([C@H]1O[C@@H]1OC[C@H]([C@@H]([C@H]1O)O)O)O[C@@H]1OC[C@H]([C@@H]([C@H]1O)O)O)O)O)O[C@@H]1O[C@@H](C)[C@@H]([C@H]([C@H]1O)O)O,Tribulus terrestris,A9,47
Isoterrestrosin B,OC[C@H]1O[C@@H](O[C@H]2CC[C@]3([C@@H](C2)CC[C@@H]2[C@@H]3CC[C@]3([C@H]2C[C@H]2[C@@H]3[C@H](C)[C@]3(O2)CC[C@@H](C(O3)O[C@@H]2O[C@H](CO)[C@H]([C@@H]([C@H]2O)O)O)C)C)C)[C@@H]([C@H]([C@H]1O[C@@H]1O[C@H](CO)[C@H]([C@@H]([C@H]1O)O)O)O)O[C@@H]1O[C@@H](C)[C@@H]([C@H]([C@H]1O)O)O,Tribulus terrestris,A9,47
Degalactotigonin,OC[C@H]1O[C@@H](O[C@H]2CC[C@]3([C@H](C2)CC[C@@H]2[C@@H]3CC[C@]3([C@H]2C[C@H]2[C@@H]3[C@H](C)[C@]3(O2)CC[C@H](CO3)C)C)C)[C@@H]([C@H]([C@H]1O[C@@H]1O[C@H](CO)[C@H]([C@@H]([C@H]1O[C@@H]1O[C@H](CO)[C@H]([C@@H]([C@H]1O)O)O)O[C@@H]1OC[C@H]([C@@H]([C@H]1O)O)O)O)O)O,Tribulus terrestris,A9,47
F-Gitonin,OC[C@H]1O[C@@H](O[C@@H]2C[C@@H]3CC[C@@H]4[C@@H]([C@]3(C[C@H]2O)C)CC[C@]2([C@H]4C[C@H]3[C@@H]2[C@@H]([C@]2(O3)CC[C@H](CO2)C)C)C)[C@@H]([C@H]([C@H]1O[C@@H]1O[C@H](CO)[C@H]([C@@H]([C@H]1O[C@@H]1O[C@H](CO)[C@H]([C@@H]([C@H]1O)O)O)O[C@@H]1OC[C@H]([C@@H]([C@H]1O)O)O)O)O)O,Tribulus terrestris,A9,47
Gitonin,OC[C@H]1O[C@@H](O[C@@H]2C[C@@H]3CC[C@@H]4[C@@H]([C@]3(C[C@H]2O)C)CC[C@]2([C@H]4C[C@H]3[C@@H]2[C@@H]([C@]2(O3)CC[C@H](CO2)C)C)C)[C@@H]([C@H]([C@H]1O[C@@H]1O[C@H](CO)[C@H]([C@@H]([C@H]1O[C@@H]1O[C@H](CO)[C@@H]([C@@H]([C@H]1O)O)O)O[C@@H]1OC[C@H]([C@@H]([C@H]1O)O)O)O)O)O,Tribulus terrestris,A9,47
Tribulosaponin B,OC[C@H]1O[C@@H](O[C@H]2CC[C@]3([C@@H](C2)CC[C@@H]2[C@@H]3CC[C@]3([C@H]2C[C@H]2[C@@H]3C(=C(O2)CC[C@@H](CO[C@@H]2O[C@H](CO)[C@H]([C@@H]([C@H]2O)O)O)C)C)C)C)[C@@H]([C@H]([C@H]1O[C@@H]1O[C@H](CO)[C@H]([C@@H]([C@H]1O)O)O)O)O[C@@H]1O[C@@H](C)[C@@H]([C@H]([C@H]1O)O)O,Tribulus terrestris,A9,47
"(1R,2S,4S,5'R,6R,7S,8R,9S,12S,13S,16S,18S)-16-[(2R,3R,4R,5R,6R)-3,4-dihydroxy-5-[(2S,3R,4S,5R,6R)-5-hydroxy-6-(hydroxymethyl)-3-[(2S,3R,4S,5R,6R)-3,4,5-trihydroxy-6-(hydroxymethyl)oxan-2-yl]oxy-4-[(2S,3R,4S,5R)-3,4,5-trihydroxyoxan-2-yl]oxyoxan-2-yl]oxy-6-(hydroxymethyl)oxan-2-yl]oxy-5',7,9,13-tetramethylspiro[5-oxapentacyclo[10.8.0.02,9.04,8.013,18]icosane-6,2'-oxane]-10-one",OC[C@H]1O[C@@H](O[C@H]2CC[C@]3([C@H](C2)CC[C@@H]2[C@@H]3CC(=O)[C@]3([C@H]2C[C@H]2[C@@H]3[C@H](C)[C@]3(O2)CC[C@H](CO3)C)C)C)[C@@H]([C@H]([C@H]1O[C@@H]1O[C@H](CO)[C@H]([C@@H]([C@H]1O[C@@H]1O[C@H](CO)[C@@H]([C@@H]([C@H]1O)O)O)O[C@@H]1OC[C@H]([C@@H]([C@H]1O)O)O)O)O)O,Tribulus terrestris,A9,47
"(1R,2S,4S,5'R,6R,7S,8R,9S,12S,13S,16S,18S)-16-[(2R,3R,4R,5R,6R)-3,4-dihydroxy-6-(hydroxymethyl)-5-[(2S,3R,4S,5S,6R)-3,4,5-trihydroxy-6-(hydroxymethyl)oxan-2-yl]oxyoxan-2-yl]oxy-5',7,9,13-tetramethylspiro[5-oxapentacyclo[10.8.0.02,9.04,8.013,18]icosane-6,2'-oxane]-10-one",OC[C@H]1O[C@@H](O[C@H]2CC[C@]3([C@H](C2)CC[C@@H]2[C@@H]3CC(=O)[C@]3([C@H]2C[C@H]2[C@@H]3[C@H](C)[C@]3(O2)CC[C@H](CO3)C)C)C)[C@@H]([C@H]([C@H]1O[C@@H]1O[C@H](CO)[C@H]([C@@H]([C@H]1O)O)O)O)O,Tribulus terrestris,A9,47
Gangetin,COc1c2c(OCC3C2Oc2c3ccc(c2CC=C(C)C)O)cc2c1C=CC(O2)(C)C,Desmodium gangeticum,A6,48
"(1R,14R)-3-methoxy-7,7,20,20-tetramethyl-8,12,19,25-tetraoxahexacyclo[12.11.0.02,11.04,9.015,24.018,23]pentacosa-2(11),3,5,9,15(24),16,18(23),21-octaene",COc1c2c(OC[C@@H]3[C@H]2Oc2c3ccc3c2C=CC(O3)(C)C)cc2c1C=CC(O2)(C)C,Desmodium gangeticum,A6,48
Desmodin,COc1c2c(OCC3C2Oc2c3cc(c(c2)O)OC)cc2c1C=CC(O2)(C)C,Desmodium gangeticum,A6,48
